windows_software,linux_equivalents_from_wiki
7-Zip,"Karchiver; File Roller; Xarchiver; ark; hjsplit command line tools"
Access,"Kexi; OOBase; LibreOffice Base"
ActiveSync,SynCE
"Add/Remove programs","apt-get; Aptitude; portage; rpm; urpmi; yast; yum; Synaptic; Snapcraft (Snap)"
aMule,aMule
"Aptana Studio","Google Web Designer (WYSIWYG); Bluefish Editor; Aptana Studio; SeaMonkey; CodeLobster"
"Bitvise Tunnelier",gSTM
"Bluefish Editor","Google Web Designer (WYSIWYG); Bluefish Editor; Aptana Studio; SeaMonkey; CodeLobster"
"Bullet Proof FTP","FileZilla FTP Client; KFTP (KFTPGrabber); Kasablanca; FireFTP; Konqueror; KBear; gFTP; CrossFTP; Nautilus"
chkdsk,"fsck; other tools"
"Cobian Backup","LuckyBackup; Déjà Dup; Grsync; Duplicati"
CodeLobster,"Google Web Designer (WYSIWYG); Bluefish Editor; Aptana Studio; SeaMonkey; CodeLobster"
"Corel WordPrefect","LibreOffice Calc; Calligra Sheets; Softmaker Office PlanMaker; WPS Spreedsheets; OOCalc; gnumeric; OnlyOffice Desktop"
CuteFTP,"FileZilla FTP Client; KFTP (KFTPGrabber); Kasablanca; FireFTP; Konqueror; KBear; gFTP; CrossFTP; Nautilus"
"Daemon Tools","mount; Disk Image Mounter in Gnome/KDE; Furius ISO mount; AcetoneISO"
dBase,"Kexi; OOBase; LibreOffice Base"
Discjuggler,"K3b; XCDRoast; Brasero; Xfburn"
Disclib,gWhere
Dreamweaver,"Google Web Designer (WYSIWYG); Bluefish Editor; Aptana Studio; SeaMonkey; CodeLobster"
Dropbox,Rclone
Duplicati,"LuckyBackup; Déjà Dup; Grsync; Duplicati"
DVDStyler,"DVDStyler; Open DVD Producer; DeVeDe"
"Easy CD Creator","K3b; XCDRoast; Brasero; Xfburn"
eMule,aMule
EViews,"Stata; SPSS; PSPP; R-project; S-Plus; Gretl"
Excel,"LibreOffice Calc; Calligra Sheets; Softmaker Office PlanMaker; WPS Spreedsheets; OOCalc; gnumeric; OnlyOffice Desktop"
Exchange,"Citadel; zimbra; Open-Xchange"
"Fade In","Fade In; KIT Scenarist; Story Architect; Trelby; Scrite"
Filemon,syscalltrack
"FileZilla FTP Client","FileZilla FTP Client; KFTP (KFTPGrabber); Kasablanca; FireFTP; Konqueror; KBear; gFTP; CrossFTP; Nautilus"
"FileZilla FTP Client & Server","vsftpd; pure-ftpd"
"Final Draft","Fade In; KIT Scenarist; Story Architect; Trelby; Scrite"
FinePrint,"boomaga; page-crunch; mpage; Kprinter; psnup/PSutils; pdfnup/PDFjam"
Foxpro,"Kexi; OOBase; LibreOffice Base"
"Google Desktop",Recoll
"Google Drive",Rclone
"Google Web Designer","Google Web Designer (WYSIWYG); Bluefish Editor; Aptana Studio; SeaMonkey; CodeLobster"
Gretl,"Stata; SPSS; PSPP; R-project; S-Plus; Gretl"
GuitarPro,TuxGuitar
"KIT Scenarist","Fade In; KIT Scenarist; Story Architect; Trelby; Scrite"
Klavaro,"Klavaro; Tipp10; KTouch; Tux Typing; GNU Typist"
"LibreOffice Base","Kexi; OOBase; LibreOffice Base"
"LibreOffice Calc","LibreOffice Calc; Calligra Sheets; Softmaker Office PlanMaker; WPS Spreedsheets; OOCalc; gnumeric; OnlyOffice Desktop"
"LibreOffice Impress","LibreOffice Impress; OOImpress; Calligra Stage; WPS Presentation; Softmaker Office Presentations; OnlyOffice Desktop"
"LibreOffice Writer","OOWriter; AbiWord; WPS Writer; LibreOffice Writer; Calligra Words; FreeOffice TextMaker; OnlyOffice Desktop; Lyx; LaTeX"
LilyPond,"MuseScore; LilyPond"
MailWasher,SpamAssassin
"Microsoft HyperTerminal",minicom
"Microsoft Money","GnucAsh; KMyMoney; CrossOver Office with Quicken; lazy8ledger"
"Microsoft Project Manager","MOOS Project Viewer; Calligra Plan"
"Microsoft Word","OOWriter; AbiWord; WPS Writer; LibreOffice Writer; Calligra Words; FreeOffice TextMaker; OnlyOffice Desktop; Lyx; LaTeX"
Mixxx,"Mixxx; UltraMixer"
MuseScore,"MuseScore; LilyPond"
NetLimiter,"Trickle; Level 7 Filter; ClarkConnect; Bandwidth Arbitrator; MasterShaper"
"Norton Ghost","Partition Image; g4u; Mondo Rescue; dd; gDiskDump (a dd frontend); Clonezilla; Trinity Rescue Kit"
"NoteWorthy Composer","MuseScore; LilyPond"
OOBase,"Kexi; OOBase; LibreOffice Base"
OOCalc,"LibreOffice Calc; Calligra Sheets; Softmaker Office PlanMaker; WPS Spreedsheets; OOCalc; gnumeric; OnlyOffice Desktop"
OOImpress,"LibreOffice Impress; OOImpress; Calligra Stage; WPS Presentation; Softmaker Office Presentations; OnlyOffice Desktop"
OOwriter,"OOWriter; AbiWord; WPS Writer; LibreOffice Writer; Calligra Words; FreeOffice TextMaker; OnlyOffice Desktop; Lyx; LaTeX"
"Open DVD Producer","DVDStyler; Open DVD Producer; DeVeDe"
"OTS Turntables","Mixxx; UltraMixer"
OTSAV,"Mixxx; UltraMixer"
Paradox,"Kexi; OOBase; LibreOffice Base"
"PC DJ","Mixxx; UltraMixer"
Peazip,"Karchiver; File Roller; Xarchiver; ark; hjsplit command line tools"
PowerPoint,"LibreOffice Impress; OOImpress; Calligra Stage; WPS Presentation; Softmaker Office Presentations; OnlyOffice Desktop"
PSPP,"Stata; SPSS; PSPP; R-project; S-Plus; Gretl"
Quicken,"GnucAsh; KMyMoney; CrossOver Office with Quicken; lazy8ledger"
R-project,"Stata; SPSS; PSPP; R-project; S-Plus; Gretl"
Regmon,syscalltrack
"Roxio DVDit","DVDStyler; Open DVD Producer; DeVeDe"
"Script Studio","Fade In; KIT Scenarist; Story Architect; Trelby; Scrite"
Scrite,"Fade In; KIT Scenarist; Story Architect; Trelby; Scrite"
Serato,"Mixxx; UltraMixer"
Sharepoint,KnowledgeTree
"SIA Smaart Live",BRP-PACU
SilverFast,"xSane; VueScan; Simple Scan; Skanlite; Gscan2pdf; GIMP with Quitelnsane"
Skype,"Skype; Linphone; Asterisk; Empathy; Yate; Jitsi"
"Softmaker Office PlanMaker","LibreOffice Calc; Calligra Sheets; Softmaker Office PlanMaker; WPS Spreedsheets; OOCalc; gnumeric; OnlyOffice Desktop"
"Softmaker Office Presentations","LibreOffice Impress; OOImpress; Calligra Stage; WPS Presentation; Softmaker Office Presentations; OnlyOffice Desktop"
"Softmaker TextMaker","OOWriter; AbiWord; WPS Writer; LibreOffice Writer; Calligra Words; FreeOffice TextMaker; OnlyOffice Desktop; Lyx; LaTeX"
"SpamAssassin for Windows",SpamAssassin
SPSS,"Stata; SPSS; PSPP; R-project; S-Plus; Gretl"
Stata,"Stata; SPSS; PSPP; R-project; S-Plus; Gretl"
"Story Architect","Fade In; KIT Scenarist; Story Architect; Trelby; Scrite"
"Sygate SPF","Guarddog; Firestarter; GUFW; iptables"
TeXnicCenter,"Kile; Texmaker; LyX"
Tipp10,"Klavaro; Tipp10; KTouch; Tux Typing; GNU Typist"
"TMPGEnc DVD Author","DVDStyler; Open DVD Producer; DeVeDe"
Traktor,"Mixxx; UltraMixer"
Trelby,"Fade In; KIT Scenarist; Story Architect; Trelby; Scrite"
TurboTax,"GnucAsh; KMyMoney; CrossOver Office with Quicken; lazy8ledger"
TuxGuitar,TuxGuitar
UltraMixer,"Mixxx; UltraMixer"
Verilog,iverilog
"Veritas Backup Exec","LuckyBackup; Déjà Dup; Grsync; Duplicati"
"Virtual DJ","Mixxx; UltraMixer"
Visio,"Calligra Flow; yED; LibreOffice Draw"
Voipbuster,"Skype; Linphone; Asterisk; Empathy; Yate; Jitsi"
"Windows Update","apt-get; Aptitude; portage; rpm; urpmi; yast; yum; Synaptic; Snapcraft (Snap)"
WinEdt,"Kile; Texmaker; LyX"
Winrar,"Karchiver; File Roller; Xarchiver; ark; hjsplit command line tools"
WinRunner,xautomation
Winzip,"Karchiver; File Roller; Xarchiver; ark; hjsplit command line tools"
"Wondershare EdrawMax","Wondershare EdrawMax; Minder; XMind"
"WPS Presentation","LibreOffice Impress; OOImpress; Calligra Stage; WPS Presentation; Softmaker Office Presentations; OnlyOffice Desktop"
"WPS Spreedsheets","LibreOffice Calc; Calligra Sheets; Softmaker Office PlanMaker; WPS Spreedsheets; OOCalc; gnumeric; OnlyOffice Desktop"
"WPS Writer","OOWriter; AbiWord; WPS Writer; LibreOffice Writer; Calligra Words; FreeOffice TextMaker; OnlyOffice Desktop; Lyx; LaTeX"
"WS FTP","FileZilla FTP Client; KFTP (KFTPGrabber); Kasablanca; FireFTP; Konqueror; KBear; gFTP; CrossFTP; Nautilus"
XMind,"Wondershare EdrawMax; Minder; XMind"
Yate,"Skype; Linphone; Asterisk; Empathy; Yate; Jitsi"
yED,"Calligra Flow; yED; LibreOffice Draw"
ZoneAlarm,"Guarddog; Firestarter; GUFW; iptables"
